{"resourceType":"StructureDefinition","id":"Address-region","url":"http://fhir.ru/core/StructureDefinition/Address-region","name":"region","title":"RuCore Address Identifier Extension","status":"active","experimental":true,"date":"2022-01-18","publisher":"RuCore","description":"Идентификаторы адреса в различных системах","fhirVersion":"4.0.0","kind":"complex-type","abstract":false,"context":[{"type":"element","expression":""}],"type":"Extension","baseDefinition":"http://hl7.org/fhir/StructureDefinition/Extension","derivation":"constraint","differential":{"element":[{"id":"\"ERROR:\" [:Extension]","path":"Extension","mustSupport":true},{"id":"\"ERROR:\" [:Extension :extension]\"ERROR:\" [:Extension :extension]\"ERROR:\" [:Extension :extension]","path":"Extension.extension","mustSupport":true,"min":0,"max":"0"},{"id":"\"ERROR:\" [:Extension :url]\"ERROR:\" [:Extension :url]\"ERROR:\" [:Extension :url]","path":"Extension.url","mustSupport":true,"min":1,"max":"1","fixedUri":"http://fhir.ru/core/StructureDefinition/Address-region"},{"id":"\"ERROR:\" [:Extension \"value[x]\"]\"ERROR:\" [:Extension \"value[x]\"]\"ERROR:\" [:Extension \"value[x]\"]","path":"Extension.value[x]","mustSupport":true,"min":1,"max":"1","type":[{"code":"Identifier"}]}]}}