{"resourceType":"StructureDefinition","id":"Composition-_remd","url":"http://fhir.ru/core/StructureDefinition/Composition-_remd","name":"_remd","status":"active","description":"Профиль на Composition для РЭМД","fhirVersion":"4.0.0","kind":"resource","abstract":false,"type":"Composition","differential":{"element":[{"id":"\"ERROR:\" [:Composition :title]\"ERROR:\" [:Composition :title]\"ERROR:\" [:Composition :title]","path":"Composition.title","mustSupport":true,"min":1},{"id":"\"ERROR:\" [:Composition :status]\"ERROR:\" [:Composition :status]\"ERROR:\" [:Composition :status]","path":"Composition.status","mustSupport":true,"fixed\"ERROR:\" [:Composition :status]\"ERROR:\" [:Composition :status]\"ERROR:\" [:Composition :status]":"final","min":1},{"id":"\"ERROR:\" [:Composition :language]\"ERROR:\" [:Composition :language]\"ERROR:\" [:Composition :language]","path":"Composition.language","mustSupport":true,"min":1},{"id":"\"ERROR:\" [:Composition :identifier]\"ERROR:\" [:Composition :identifier]\"ERROR:\" [:Composition :identifier]","path":"Composition.identifier","mustSupport":true,"min":1},{"id":"\"ERROR:\" [:Composition :identifier :system]\"ERROR:\" [:Composition :identifier :system]\"ERROR:\" [:Composition :identifier :system]\"ERROR:\" [:Composition :identifier :system]\"ERROR:\" [:Composition :identifier :system]","path":"Composition.identifier.system","mustSupport":true,"min":1},{"id":"\"ERROR:\" [:Composition :identifier :value]\"ERROR:\" [:Composition :identifier :value]\"ERROR:\" [:Composition :identifier :value]\"ERROR:\" [:Composition :identifier :value]\"ERROR:\" [:Composition :identifier :value]","path":"Composition.identifier.value","mustSupport":true,"min":1},{"id":"\"ERROR:\" [:Composition :type]\"ERROR:\" [:Composition :type]\"ERROR:\" [:Composition :type]","path":"Composition.type","mustSupport":true,"min":1,"max":"1"},{"id":"\"ERROR:\" [:Composition :type :coding]\"ERROR:\" [:Composition :type :coding]\"ERROR:\" [:Composition :type :coding]\"ERROR:\" [:Composition :type :coding]\"ERROR:\" [:Composition :type :coding]","path":"Composition.type.coding","mustSupport":true},{"id":"\"ERROR:\" [:Composition :type :coding :system]\"ERROR:\" [:Composition :type :coding :system]\"ERROR:\" [:Composition :type :coding :system]\"ERROR:\" [:Composition :type :coding :system]\"ERROR:\" [:Composition :type :coding :system]\"ERROR:\" [:Composition :type :coding :system]\"ERROR:\" [:Composition :type :coding :system]","path":"Composition.type.coding.system","mustSupport":true,"min":1},{"id":"\"ERROR:\" [:Composition :type :coding :_codeSystemName]\"ERROR:\" [:Composition :type :coding :_codeSystemName]\"ERROR:\" [:Composition :type :coding :_codeSystemName]\"ERROR:\" [:Composition :type :coding :_codeSystemName]\"ERROR:\" [:Composition :type :coding :_codeSystemName]\"ERROR:\" [:Composition :type :coding :_codeSystemName]\"ERROR:\" [:Composition :type :coding :_codeSystemName]","path":"Composition.type.coding._codeSystemName","mustSupport":true},{"id":"\"ERROR:\" [:Composition :type :coding :code]\"ERROR:\" [:Composition :type :coding :code]\"ERROR:\" [:Composition :type :coding :code]\"ERROR:\" [:Composition :type :coding :code]\"ERROR:\" [:Composition :type :coding :code]\"ERROR:\" [:Composition :type :coding :code]\"ERROR:\" [:Composition :type :coding :code]","path":"Composition.type.coding.code","mustSupport":true,"min":1},{"id":"\"ERROR:\" [:Composition :type :coding :display]\"ERROR:\" [:Composition :type :coding :display]\"ERROR:\" [:Composition :type :coding :display]\"ERROR:\" [:Composition :type :coding :display]\"ERROR:\" [:Composition :type :coding :display]\"ERROR:\" [:Composition :type :coding :display]\"ERROR:\" [:Composition :type :coding :display]","path":"Composition.type.coding.display","mustSupport":true,"min":1},{"id":"\"ERROR:\" [:Composition :date]\"ERROR:\" [:Composition :date]\"ERROR:\" [:Composition :date]","path":"Composition.date","mustSupport":true},{"id":"\"ERROR:\" [:Composition :confidentiality]\"ERROR:\" [:Composition :confidentiality]\"ERROR:\" [:Composition :confidentiality]","path":"Composition.confidentiality","mustSupport":true,"min":1},{"id":"\"ERROR:\" [:Composition :Extension]\"ERROR:\" [:Composition :Extension]\"ERROR:\" [:Composition :Extension]","path":"Composition.Extension","mustSupport":true,"templateID":{"description":"R [1..1] Идентификатор Шаблона документа \"Протокол лабораторного исследования. Третий уровень формализации.\" по справочнику \"Справочник шаблонов CDA документов\" (OID: 1.2.643.5.1.13.13.11.1118)","required":true,"elements":{"url":{"description":"http://hl7.org/fhir/cda/StructureDefinition/templateID","required":true},"valueIdentifier":{"description":null,"required":true,"elements":{"system":{"description":"$ \"urn:oid:\" + ClinicalDocument.templateId.root","required":true},"value":{"description":"$ \"urn:oid:\" + ClinicalDocument.templateId.extension","required":true}}}}}}]}}