{"resourceType":"StructureDefinition","id":"Coverage-_remd","url":"http://fhir.ru/core/StructureDefinition/Coverage-_remd","name":"_remd","status":"active","description":"Профиль для указания сведений о страховом полисе ОМС","fhirVersion":"4.0.0","kind":"resource","abstract":false,"type":"Coverage","differential":{"element":[{"id":"\"ERROR:\" [:Coverage :status]\"ERROR:\" [:Coverage :status]\"ERROR:\" [:Coverage :status]","path":"Coverage.status","mustSupport":true},{"id":"\"ERROR:\" [:Coverage :type]\"ERROR:\" [:Coverage :type]\"ERROR:\" [:Coverage :type]","path":"Coverage.type","mustSupport":true},{"id":"\"ERROR:\" [:Coverage :beneficiary]\"ERROR:\" [:Coverage :beneficiary]\"ERROR:\" [:Coverage :beneficiary]","path":"Coverage.beneficiary","mustSupport":true},{"id":"\"ERROR:\" [:Coverage :payor]\"ERROR:\" [:Coverage :payor]\"ERROR:\" [:Coverage :payor]","path":"Coverage.payor","mustSupport":true},{"id":"\"ERROR:\" [:Coverage :policyHolder]\"ERROR:\" [:Coverage :policyHolder]\"ERROR:\" [:Coverage :policyHolder]","path":"Coverage.policyHolder","mustSupport":true},{"id":"\"ERROR:\" [:Coverage :relationship]\"ERROR:\" [:Coverage :relationship]\"ERROR:\" [:Coverage :relationship]","path":"Coverage.relationship","mustSupport":true},{"id":"\"ERROR:\" [:Coverage :subscriber]\"ERROR:\" [:Coverage :subscriber]\"ERROR:\" [:Coverage :subscriber]","path":"Coverage.subscriber","mustSupport":true},{"id":"\"ERROR:\" [:Coverage :period]\"ERROR:\" [:Coverage :period]\"ERROR:\" [:Coverage :period]","path":"Coverage.period","mustSupport":true}]}}