{"resourceType":"StructureDefinition","id":"Organization-_insurance_company","url":"http://fhir.ru/core/StructureDefinition/Organization-_insurance_company","name":"_insurance_company","status":"active","description":"Профиль организации для указания страховой компании в СВЕДЕНИЯ О СТРАХОВОМ ПОЛИСЕ ОМС","fhirVersion":"4.0.0","kind":"resource","abstract":false,"type":"Organization","differential":{"element":[{"id":"\"ERROR:\" [:Organization :identifier]\"ERROR:\" [:Organization :identifier]\"ERROR:\" [:Organization :identifier]","path":"Organization.identifier","mustSupport":true,"min":1,"slices":{"tfoms-org-id":{"description":"Уникальный идентификатор страховой компании ТФОМС","required":true,"elements":{"use":{"constant":"official"},"value":{"required":true}}}}},{"id":"\"ERROR:\" [:Organization :name]\"ERROR:\" [:Organization :name]\"ERROR:\" [:Organization :name]","path":"Organization.name","mustSupport":true,"min":1},{"id":"\"ERROR:\" [:Organization :telecom]\"ERROR:\" [:Organization :telecom]\"ERROR:\" [:Organization :telecom]","path":"Organization.telecom","mustSupport":true,"min":1,"slices":{"phone":{"match":{"system":"phone"},"required":true,"elements":{"value":{"regexp":"\\+7\\d{10}"}}}}},{"id":"\"ERROR:\" [:Organization :telecom :value]\"ERROR:\" [:Organization :telecom :value]\"ERROR:\" [:Organization :telecom :value]\"ERROR:\" [:Organization :telecom :value]\"ERROR:\" [:Organization :telecom :value]","path":"Organization.telecom.value","mustSupport":true,"min":1},{"id":"\"ERROR:\" [:Organization :telecom :system]\"ERROR:\" [:Organization :telecom :system]\"ERROR:\" [:Organization :telecom :system]\"ERROR:\" [:Organization :telecom :system]\"ERROR:\" [:Organization :telecom :system]","path":"Organization.telecom.system","mustSupport":true,"min":1,"binding":{"valueSet":"http://fhir.ru/core/ValueSet/fhir:contact-point-system","strength":"extensible","description":null}},{"id":"\"ERROR:\" [:Organization :address]\"ERROR:\" [:Organization :address]\"ERROR:\" [:Organization :address]","path":"Organization.address","mustSupport":true,"descrption":"Адрес страховой компании","min":1},{"id":"\"ERROR:\" [:Organization :address :text]\"ERROR:\" [:Organization :address :text]\"ERROR:\" [:Organization :address :text]\"ERROR:\" [:Organization :address :text]\"ERROR:\" [:Organization :address :text]","path":"Organization.address.text","mustSupport":true,"min":1},{"id":"\"ERROR:\" [:Organization :address :state]\"ERROR:\" [:Organization :address :state]\"ERROR:\" [:Organization :address :state]\"ERROR:\" [:Organization :address :state]\"ERROR:\" [:Organization :address :state]","path":"Organization.address.state","mustSupport":true,"min":1,"binding":{"valueSet":"http://fhir.ru/core/ValueSet/ru-administrative-area","strength":"extensible","description":null}}]}}