{"resourceType":"StructureDefinition","id":"Organization-base","url":"http://fhir.ru/core/StructureDefinition/Organization-base","name":"base","status":"active","description":"Базовый профиль для головной медицинской организации","fhirVersion":"4.0.0","kind":"resource","abstract":false,"type":"Organization","differential":{"element":[{"id":"\"ERROR:\" [:Organization :name]\"ERROR:\" [:Organization :name]\"ERROR:\" [:Organization :name]","path":"Organization.name","mustSupport":true},{"id":"\"ERROR:\" [:Organization :alias]\"ERROR:\" [:Organization :alias]\"ERROR:\" [:Organization :alias]","path":"Organization.alias","mustSupport":true},{"id":"\"ERROR:\" [:Organization :type]\"ERROR:\" [:Organization :type]\"ERROR:\" [:Organization :type]","path":"Organization.type","mustSupport":true,"binding":{"valueSet":"http://fhir.ru/core/ValueSet/MISSED_VS_ID","strength":"extensible","description":null}},{"id":"\"ERROR:\" [:Organization :active]\"ERROR:\" [:Organization :active]\"ERROR:\" [:Organization :active]","path":"Organization.active","mustSupport":true},{"id":"\"ERROR:\" [:Organization :identifier]\"ERROR:\" [:Organization :identifier]\"ERROR:\" [:Organization :identifier]","path":"Organization.identifier","mustSupport":true,"binding":{"valueSet":"http://fhir.ru/core/ValueSet/MISSED_VS_ID","strength":"extensible","description":null},"min":0},{"id":"\"ERROR:\" [:Organization :address]\"ERROR:\" [:Organization :address]\"ERROR:\" [:Organization :address]","path":"Organization.address","mustSupport":true},{"id":"\"ERROR:\" [:Organization :address :legal]\"ERROR:\" [:Organization :address :legal]\"ERROR:\" [:Organization :address :legal]\"ERROR:\" [:Organization :address :legal]\"ERROR:\" [:Organization :address :legal]","path":"Organization.address.legal","mustSupport":true},{"id":"\"ERROR:\" [:Organization :address :legal :extension]\"ERROR:\" [:Organization :address :legal :extension]\"ERROR:\" [:Organization :address :legal :extension]\"ERROR:\" [:Organization :address :legal :extension]\"ERROR:\" [:Organization :address :legal :extension]\"ERROR:\" [:Organization :address :legal :extension]\"ERROR:\" [:Organization :address :legal :extension]","path":"Organization.address.legal.extension","mustSupport":true,"slicing":{"discriminator":[{"type":"value","path":"url"}],"ordered":false,"rules":"open"}},{"id":"\"ERROR:\" [:Organization :address :legal :extension :subject]\"ERROR:\" [:Organization :address :legal :extension :subject]\"ERROR:\" [:Organization :address :legal :extension :subject]\"ERROR:\" [:Organization :address :legal :extension :subject]\"ERROR:\" [:Organization :address :legal :extension :subject]\"ERROR:\" [:Organization :address :legal :extension :subject]\"ERROR:\" [:Organization :address :legal :extension :subject]\"ERROR:\" [:Organization :address :legal :extension :subject]\"ERROR:\" [:Organization :address :legal :extension :subject]","path":"Organization.address.legal.extension","mustSupport":true,"type":[{"code":"Extension","profile":["http://fhir.ru/core/StructureDefinition/Organization-subject"]}],"sliceName":"subject","isModifier":false},{"id":"\"ERROR:\" [:Organization :address :legal :extension :fns]\"ERROR:\" [:Organization :address :legal :extension :fns]\"ERROR:\" [:Organization :address :legal :extension :fns]\"ERROR:\" [:Organization :address :legal :extension :fns]\"ERROR:\" [:Organization :address :legal :extension :fns]\"ERROR:\" [:Organization :address :legal :extension :fns]\"ERROR:\" [:Organization :address :legal :extension :fns]\"ERROR:\" [:Organization :address :legal :extension :fns]\"ERROR:\" [:Organization :address :legal :extension :fns]","path":"Organization.address.legal.extension","mustSupport":true,"type":[{"code":"Extension","profile":["http://fhir.ru/core/StructureDefinition/Organization-fns"]}],"sliceName":"fns","isModifier":false},{"id":"\"ERROR:\" [:Organization :address :legal :extension :fias]\"ERROR:\" [:Organization :address :legal :extension :fias]\"ERROR:\" [:Organization :address :legal :extension :fias]\"ERROR:\" [:Organization :address :legal :extension :fias]\"ERROR:\" [:Organization :address :legal :extension :fias]\"ERROR:\" [:Organization :address :legal :extension :fias]\"ERROR:\" [:Organization :address :legal :extension :fias]\"ERROR:\" [:Organization :address :legal :extension :fias]\"ERROR:\" [:Organization :address :legal :extension :fias]","path":"Organization.address.legal.extension","mustSupport":true,"type":[{"code":"Extension","profile":["http://fhir.ru/core/StructureDefinition/Organization-fias"]}],"sliceName":"fias","isModifier":false},{"id":"\"ERROR:\" [:Organization :address :legal :text]\"ERROR:\" [:Organization :address :legal :text]\"ERROR:\" [:Organization :address :legal :text]\"ERROR:\" [:Organization :address :legal :text]\"ERROR:\" [:Organization :address :legal :text]\"ERROR:\" [:Organization :address :legal :text]\"ERROR:\" [:Organization :address :legal :text]","path":"Organization.address.legal.text","mustSupport":true},{"id":"\"ERROR:\" [:Organization :address :legal :type]\"ERROR:\" [:Organization :address :legal :type]\"ERROR:\" [:Organization :address :legal :type]\"ERROR:\" [:Organization :address :legal :type]\"ERROR:\" [:Organization :address :legal :type]\"ERROR:\" [:Organization :address :legal :type]\"ERROR:\" [:Organization :address :legal :type]","path":"Organization.address.legal.type","mustSupport":true}]}}