{"resourceType":"StructureDefinition","id":"Organization-fns","url":"http://fhir.ru/core/StructureDefinition/Organization-fns","name":"fns","status":"active","description":"Код региона в ФНС","fhirVersion":"4.0.0","kind":"complex-type","abstract":false,"context":[{"type":"element","expression":"address.legal"}],"type":"Extension","baseDefinition":"http://hl7.org/fhir/StructureDefinition/Extension","derivation":"constraint","differential":{"element":[{"id":"\"ERROR:\" [:Extension]","path":"Extension","mustSupport":true},{"id":"\"ERROR:\" [:Extension :extension]\"ERROR:\" [:Extension :extension]\"ERROR:\" [:Extension :extension]","path":"Extension.extension","mustSupport":true,"min":0,"max":"0"},{"id":"\"ERROR:\" [:Extension :url]\"ERROR:\" [:Extension :url]\"ERROR:\" [:Extension :url]","path":"Extension.url","mustSupport":true,"min":1,"max":"1","fixedUri":"http://fhir.ru/core/StructureDefinition/Organization-fns"},{"id":"\"ERROR:\" [:Extension \"value[x]\"]\"ERROR:\" [:Extension \"value[x]\"]\"ERROR:\" [:Extension \"value[x]\"]","path":"Extension.value[x]","mustSupport":true,"min":1,"max":"1","type":[{"code":"code"}]}]}}