{"resourceType":"StructureDefinition","id":"Organization-house_fias_id","url":"http://fhir.ru/core/StructureDefinition/Organization-house_fias_id","name":"house_fias_id","title":"RuCore Address Identifier Extension","status":"active","experimental":false,"date":"2022-02-15","publisher":"RuCore","description":"ФИАС-код дома","fhirVersion":"4.0.0","kind":"complex-type","abstract":false,"context":[{"type":"element","expression":"address"}],"type":"Extension","baseDefinition":"http://hl7.org/fhir/StructureDefinition/Extension","derivation":"constraint","differential":{"element":[{"id":"\"ERROR:\" [:Extension]","path":"Extension","mustSupport":true},{"id":"\"ERROR:\" [:Extension :extension]\"ERROR:\" [:Extension :extension]\"ERROR:\" [:Extension :extension]","path":"Extension.extension","mustSupport":true,"min":0,"max":"0"},{"id":"\"ERROR:\" [:Extension :url]\"ERROR:\" [:Extension :url]\"ERROR:\" [:Extension :url]","path":"Extension.url","mustSupport":true,"min":1,"max":"1","fixedUri":"http://fhir.ru/core/StructureDefinition/Organization-house_fias_id"},{"id":"\"ERROR:\" [:Extension \"value[x]\"]\"ERROR:\" [:Extension \"value[x]\"]\"ERROR:\" [:Extension \"value[x]\"]","path":"Extension.value[x]","mustSupport":true,"min":1,"max":"1","type":[{"code":"string"}]}]}}