{"resourceType":"StructureDefinition","id":"Patient-base","url":"http://fhir.ru/core/StructureDefinition/Patient-base","name":"base","status":"active","description":"Профиль пациента для документа Протокол лабораторного исследования. Часть полей может уйти в базовый профиль после проверки и объединения.","fhirVersion":"4.0.0","kind":"resource","abstract":false,"type":"Patient","differential":{"element":[{"id":"\"ERROR:\" [:Patient :name]\"ERROR:\" [:Patient :name]\"ERROR:\" [:Patient :name]","path":"Patient.name","mustSupport":true},{"id":"\"ERROR:\" [:Patient :name :use]\"ERROR:\" [:Patient :name :use]\"ERROR:\" [:Patient :name :use]\"ERROR:\" [:Patient :name :use]\"ERROR:\" [:Patient :name :use]","path":"Patient.name.use","mustSupport":true,"fixed\"ERROR:\" [:Patient :name :use]\"ERROR:\" [:Patient :name :use]\"ERROR:\" [:Patient :name :use]\"ERROR:\" [:Patient :name :use]\"ERROR:\" [:Patient :name :use]":"official"},{"id":"\"ERROR:\" [:Patient :name :given]\"ERROR:\" [:Patient :name :given]\"ERROR:\" [:Patient :name :given]\"ERROR:\" [:Patient :name :given]\"ERROR:\" [:Patient :name :given]","path":"Patient.name.given","mustSupport":true,"min":1},{"id":"\"ERROR:\" [:Patient :name :family]\"ERROR:\" [:Patient :name :family]\"ERROR:\" [:Patient :name :family]\"ERROR:\" [:Patient :name :family]\"ERROR:\" [:Patient :name :family]","path":"Patient.name.family","mustSupport":true,"min":1},{"id":"\"ERROR:\" [:Patient :gender]\"ERROR:\" [:Patient :gender]\"ERROR:\" [:Patient :gender]","path":"Patient.gender","mustSupport":true,"min":1,"binding":{"valueSet":"http://fhir.ru/core/ValueSet/fhir:administrative-gender","strength":"extensible","description":null}},{"id":"\"ERROR:\" [:Patient :birthDate]\"ERROR:\" [:Patient :birthDate]\"ERROR:\" [:Patient :birthDate]","path":"Patient.birthDate","mustSupport":true,"min":1,"regexp":"\\d{4}\\-\\d{2}\\-\\d{2}"},{"id":"\"ERROR:\" [:Patient :telecom]\"ERROR:\" [:Patient :telecom]\"ERROR:\" [:Patient :telecom]","path":"Patient.telecom","mustSupport":true,"slices":{"phone":{"match":{"system":"phone, regexp: \\+7\\d{10}"}}}},{"id":"\"ERROR:\" [:Patient :telecom :value]\"ERROR:\" [:Patient :telecom :value]\"ERROR:\" [:Patient :telecom :value]\"ERROR:\" [:Patient :telecom :value]\"ERROR:\" [:Patient :telecom :value]","path":"Patient.telecom.value","mustSupport":true,"min":1},{"id":"\"ERROR:\" [:Patient :telecom :system]\"ERROR:\" [:Patient :telecom :system]\"ERROR:\" [:Patient :telecom :system]\"ERROR:\" [:Patient :telecom :system]\"ERROR:\" [:Patient :telecom :system]","path":"Patient.telecom.system","mustSupport":true,"min":1,"binding":{"valueSet":"http://fhir.ru/core/ValueSet/fhir:contact-point-system","strength":"extensible","description":null}},{"id":"\"ERROR:\" [:Patient :identifier]\"ERROR:\" [:Patient :identifier]\"ERROR:\" [:Patient :identifier]","path":"Patient.identifier","mustSupport":true,"min":3,"slices":{"pasport":{"match":{"type":"PPN"},"constant":{"use":"official"},"description":"Документ, удостоверяющий личность пациента","required":true},"snils":{"description":"СНИЛС","required":true,"match":{"type":"SNILS","value":"regexp: \\d{3}\\-\\d{3}\\-\\d{3} \\d{2}"}},"mis-id":{"description":"Уникальный идентификатор пациента в МИС. system = urn:mr_id:<id мед организации>:<Номер МИС>:<Номер инстанса>","required":true,"match":{"type":"MR"},"constant":{"use":"official"}}}},{"id":"\"ERROR:\" [:Patient :identifier :use]\"ERROR:\" [:Patient :identifier :use]\"ERROR:\" [:Patient :identifier :use]\"ERROR:\" [:Patient :identifier :use]\"ERROR:\" [:Patient :identifier :use]","path":"Patient.identifier.use","mustSupport":true},{"id":"\"ERROR:\" [:Patient :identifier :type]\"ERROR:\" [:Patient :identifier :type]\"ERROR:\" [:Patient :identifier :type]\"ERROR:\" [:Patient :identifier :type]\"ERROR:\" [:Patient :identifier :type]","path":"Patient.identifier.type","mustSupport":true},{"id":"\"ERROR:\" [:Patient :identifier :system]\"ERROR:\" [:Patient :identifier :system]\"ERROR:\" [:Patient :identifier :system]\"ERROR:\" [:Patient :identifier :system]\"ERROR:\" [:Patient :identifier :system]","path":"Patient.identifier.system","mustSupport":true},{"id":"\"ERROR:\" [:Patient :identifier :value]\"ERROR:\" [:Patient :identifier :value]\"ERROR:\" [:Patient :identifier :value]\"ERROR:\" [:Patient :identifier :value]\"ERROR:\" [:Patient :identifier :value]","path":"Patient.identifier.value","mustSupport":true,"min":1},{"id":"\"ERROR:\" [:Patient :identifier :period]\"ERROR:\" [:Patient :identifier :period]\"ERROR:\" [:Patient :identifier :period]\"ERROR:\" [:Patient :identifier :period]\"ERROR:\" [:Patient :identifier :period]","path":"Patient.identifier.period","mustSupport":true},{"id":"\"ERROR:\" [:Patient :identifier :assigner]\"ERROR:\" [:Patient :identifier :assigner]\"ERROR:\" [:Patient :identifier :assigner]\"ERROR:\" [:Patient :identifier :assigner]\"ERROR:\" [:Patient :identifier :assigner]","path":"Patient.identifier.assigner","mustSupport":true,"min":1},{"id":"\"ERROR:\" [:Patient :address]\"ERROR:\" [:Patient :address]\"ERROR:\" [:Patient :address]","path":"Patient.address","mustSupport":true,"descrption":"Адреса пациента","min":2},{"id":"\"ERROR:\" [:Patient :address :text]\"ERROR:\" [:Patient :address :text]\"ERROR:\" [:Patient :address :text]\"ERROR:\" [:Patient :address :text]\"ERROR:\" [:Patient :address :text]","path":"Patient.address.text","mustSupport":true,"min":1},{"id":"\"ERROR:\" [:Patient :address :state]\"ERROR:\" [:Patient :address :state]\"ERROR:\" [:Patient :address :state]\"ERROR:\" [:Patient :address :state]\"ERROR:\" [:Patient :address :state]","path":"Patient.address.state","mustSupport":true,"min":1,"binding":{"valueSet":"http://fhir.ru/core/ValueSet/ru-administrative-area","strength":"extensible","description":null}}]}}