{"resourceType":"StructureDefinition","id":"PractitionerRole-_remd","url":"http://fhir.ru/core/StructureDefinition/PractitionerRole-_remd","name":"_remd","status":"active","description":"Профиль для документа Протокол лабораторного исследования.","fhirVersion":"4.0.0","kind":"resource","abstract":false,"type":"PractitionerRole","differential":{"element":[{"id":"\"ERROR:\" [:PractitionerRole :code]\"ERROR:\" [:PractitionerRole :code]\"ERROR:\" [:PractitionerRole :code]","path":"PractitionerRole.code","mustSupport":true,"min":1},{"id":"\"ERROR:\" [:PractitionerRole :code :coding]\"ERROR:\" [:PractitionerRole :code :coding]\"ERROR:\" [:PractitionerRole :code :coding]\"ERROR:\" [:PractitionerRole :code :coding]\"ERROR:\" [:PractitionerRole :code :coding]","path":"PractitionerRole.code.coding","mustSupport":true,"min":1},{"id":"\"ERROR:\" [:PractitionerRole :code :coding :system]\"ERROR:\" [:PractitionerRole :code :coding :system]\"ERROR:\" [:PractitionerRole :code :coding :system]\"ERROR:\" [:PractitionerRole :code :coding :system]\"ERROR:\" [:PractitionerRole :code :coding :system]\"ERROR:\" [:PractitionerRole :code :coding :system]\"ERROR:\" [:PractitionerRole :code :coding :system]","path":"PractitionerRole.code.coding.system","mustSupport":true},{"id":"\"ERROR:\" [:PractitionerRole :code :coding :code]\"ERROR:\" [:PractitionerRole :code :coding :code]\"ERROR:\" [:PractitionerRole :code :coding :code]\"ERROR:\" [:PractitionerRole :code :coding :code]\"ERROR:\" [:PractitionerRole :code :coding :code]\"ERROR:\" [:PractitionerRole :code :coding :code]\"ERROR:\" [:PractitionerRole :code :coding :code]","path":"PractitionerRole.code.coding.code","mustSupport":true},{"id":"\"ERROR:\" [:PractitionerRole :organization]\"ERROR:\" [:PractitionerRole :organization]\"ERROR:\" [:PractitionerRole :organization]","path":"PractitionerRole.organization","mustSupport":true,"min":1}]}}