{"resourceType":"StructureDefinition","id":"Specimen-_remd","url":"http://fhir.ru/core/StructureDefinition/Specimen-_remd","name":"_remd","status":"active","description":"Информация об образце исследования","fhirVersion":"4.0.0","kind":"resource","abstract":false,"type":"Specimen","differential":{"element":[{"id":"\"ERROR:\" [:Specimen :type]\"ERROR:\" [:Specimen :type]\"ERROR:\" [:Specimen :type]","path":"Specimen.type","mustSupport":true},{"id":"\"ERROR:\" [:Specimen :type :coding]\"ERROR:\" [:Specimen :type :coding]\"ERROR:\" [:Specimen :type :coding]\"ERROR:\" [:Specimen :type :coding]\"ERROR:\" [:Specimen :type :coding]","path":"Specimen.type.coding","mustSupport":true},{"id":"\"ERROR:\" [:Specimen :type :coding :code]\"ERROR:\" [:Specimen :type :coding :code]\"ERROR:\" [:Specimen :type :coding :code]\"ERROR:\" [:Specimen :type :coding :code]\"ERROR:\" [:Specimen :type :coding :code]\"ERROR:\" [:Specimen :type :coding :code]\"ERROR:\" [:Specimen :type :coding :code]","path":"Specimen.type.coding.code","mustSupport":true},{"id":"\"ERROR:\" [:Specimen :type :coding :system]\"ERROR:\" [:Specimen :type :coding :system]\"ERROR:\" [:Specimen :type :coding :system]\"ERROR:\" [:Specimen :type :coding :system]\"ERROR:\" [:Specimen :type :coding :system]\"ERROR:\" [:Specimen :type :coding :system]\"ERROR:\" [:Specimen :type :coding :system]","path":"Specimen.type.coding.system","mustSupport":true,"fixed\"ERROR:\" [:Specimen :type :coding :system]\"ERROR:\" [:Specimen :type :coding :system]\"ERROR:\" [:Specimen :type :coding :system]\"ERROR:\" [:Specimen :type :coding :system]\"ERROR:\" [:Specimen :type :coding :system]\"ERROR:\" [:Specimen :type :coding :system]\"ERROR:\" [:Specimen :type :coding :system]":"urn:oid:1.2.643.5.1.13.13.11.1081"},{"id":"\"ERROR:\" [:Specimen :type :coding :_codeSystemName]\"ERROR:\" [:Specimen :type :coding :_codeSystemName]\"ERROR:\" [:Specimen :type :coding :_codeSystemName]\"ERROR:\" [:Specimen :type :coding :_codeSystemName]\"ERROR:\" [:Specimen :type :coding :_codeSystemName]\"ERROR:\" [:Specimen :type :coding :_codeSystemName]\"ERROR:\" [:Specimen :type :coding :_codeSystemName]","path":"Specimen.type.coding._codeSystemName","mustSupport":true,"fixed\"ERROR:\" [:Specimen :type :coding :_codeSystemName]\"ERROR:\" [:Specimen :type :coding :_codeSystemName]\"ERROR:\" [:Specimen :type :coding :_codeSystemName]\"ERROR:\" [:Specimen :type :coding :_codeSystemName]\"ERROR:\" [:Specimen :type :coding :_codeSystemName]\"ERROR:\" [:Specimen :type :coding :_codeSystemName]\"ERROR:\" [:Specimen :type :coding :_codeSystemName]":"Федеральный справочник лабораторных исследований. Справочник материалов для проведения лабораторного исследования."},{"id":"\"ERROR:\" [:Specimen :type :coding :display]\"ERROR:\" [:Specimen :type :coding :display]\"ERROR:\" [:Specimen :type :coding :display]\"ERROR:\" [:Specimen :type :coding :display]\"ERROR:\" [:Specimen :type :coding :display]\"ERROR:\" [:Specimen :type :coding :display]\"ERROR:\" [:Specimen :type :coding :display]","path":"Specimen.type.coding.display","mustSupport":true},{"id":"\"ERROR:\" [:Specimen :type :coding :version]\"ERROR:\" [:Specimen :type :coding :version]\"ERROR:\" [:Specimen :type :coding :version]\"ERROR:\" [:Specimen :type :coding :version]\"ERROR:\" [:Specimen :type :coding :version]\"ERROR:\" [:Specimen :type :coding :version]\"ERROR:\" [:Specimen :type :coding :version]","path":"Specimen.type.coding.version","mustSupport":true},{"id":"\"ERROR:\" [:Specimen :collection]\"ERROR:\" [:Specimen :collection]\"ERROR:\" [:Specimen :collection]","path":"Specimen.collection","mustSupport":true},{"id":"\"ERROR:\" [:Specimen :collection :quantity]\"ERROR:\" [:Specimen :collection :quantity]\"ERROR:\" [:Specimen :collection :quantity]\"ERROR:\" [:Specimen :collection :quantity]\"ERROR:\" [:Specimen :collection :quantity]","path":"Specimen.collection.quantity","mustSupport":true},{"id":"\"ERROR:\" [:Specimen :collection :collector]\"ERROR:\" [:Specimen :collection :collector]\"ERROR:\" [:Specimen :collection :collector]\"ERROR:\" [:Specimen :collection :collector]\"ERROR:\" [:Specimen :collection :collector]","path":"Specimen.collection.collector","mustSupport":true},{"id":"\"ERROR:\" [:Specimen :collection :collectedDateTime]\"ERROR:\" [:Specimen :collection :collectedDateTime]\"ERROR:\" [:Specimen :collection :collectedDateTime]\"ERROR:\" [:Specimen :collection :collectedDateTime]\"ERROR:\" [:Specimen :collection :collectedDateTime]","path":"Specimen.collection.collectedDateTime","mustSupport":true},{"id":"\"ERROR:\" [:Specimen :note]\"ERROR:\" [:Specimen :note]\"ERROR:\" [:Specimen :note]","path":"Specimen.note","mustSupport":true,"min":1}]}}