{"resourceType":"ValueSet","id":"chu-diagnosticreport-category","url":"http://fhir.ru/core/ValueSet/chu-diagnosticreport-category","name":"ChuDiagnosticreportCategory","title":"chu diagnosticreport category","status":"active","date":"2021-11-17T08:09:39Z","compose":{"include":[{"concept":[{"code":"LAB","system":"http://terminology.hl7.org/CodeSystem/v2-0074","display":"Laboratory","definition":null},{"code":"MB","system":"http://terminology.hl7.org/CodeSystem/v2-0074","display":"Microbiology","definition":null},{"code":"RAD","system":"http://terminology.hl7.org/CodeSystem/v2-0074","display":"Radiology","definition":null},{"code":"TMK","system":"urn:CodeSystem:diagnosticreport-category","display":"Консультация","definition":null}]}]}}