{"resourceType":"ValueSet","id":"ru-administrative-area","url":"http://fhir.ru/core/ValueSet/ru-administrative-area","name":"RuAdministrativeArea","title":"ru administrative area","status":"active","date":"2021-12-03T09:14:18Z","compose":{"include":[{"system":"urn:CodeSystem:ru-administrative-area","concept":[{"code":"1","display":"Республика Адыгея"},{"code":"2","display":"Республика Башкортостан"},{"code":"3","display":"Республика Бурятия"},{"code":"4","display":"Республика Алтай"},{"code":"5","display":"Республика Дагестан"},{"code":"6","display":"Республика Ингушетия"},{"code":"7","display":"Кабардино-Балкарская Республика"},{"code":"8","display":"Республика Калмыкия"},{"code":"9","display":"Карачаево-Черкесская Республика"},{"code":"10","display":"Республика Карелия"},{"code":"11","display":"Республика Коми"},{"code":"12","display":"Республика Марий Эл"},{"code":"13","display":"Республика Мордовия"},{"code":"14","display":"Республика Саха (Якутия)"},{"code":"15","display":"Республика Северная Осетия - Алания"},{"code":"16","display":"Республика Татарстан"},{"code":"17","display":"Республика Тыва"},{"code":"18","display":"Удмуртская Республика"},{"code":"19","display":"Республика Хакасия"},{"code":"20","display":"Чеченская Республика"},{"code":"21","display":"Чувашская Республика"},{"code":"22","display":"Алтайский край"},{"code":"23","display":"Краснодарский край"},{"code":"24","display":"Красноярский край"},{"code":"25","display":"Приморский край"},{"code":"26","display":"Ставропольский край"},{"code":"27","display":"Хабаровский край"},{"code":"28","display":"Амурская область"},{"code":"29","display":"Архангельская область"},{"code":"30","display":"Астраханская область"},{"code":"31","display":"Белгородская область"},{"code":"32","display":"Брянская область"},{"code":"33","display":"Владимирская область"},{"code":"34","display":"Волгоградская область"},{"code":"35","display":"Вологодская область"},{"code":"36","display":"Воронежская область"},{"code":"37","display":"Ивановская область"},{"code":"38","display":"Иркутская область"},{"code":"39","display":"Калининградская область"},{"code":"40","display":"Калужская область"},{"code":"41","display":"Камчатский край"},{"code":"42","display":"Кемеровская область"},{"code":"43","display":"Кировская область"},{"code":"44","display":"Костромская область"},{"code":"45","display":"Курганская область"},{"code":"46","display":"Курская область"},{"code":"47","display":"Ленинградская область"},{"code":"48","display":"Липецкая область"},{"code":"49","display":"Магаданская область"},{"code":"50","display":"Московская область"},{"code":"51","display":"Мурманская область"},{"code":"52","display":"Нижегородская область"},{"code":"53","display":"Новгородская область"},{"code":"54","display":"Новосибирская область"},{"code":"55","display":"Омская область"},{"code":"56","display":"Оренбургская область"},{"code":"57","display":"Орловская область"},{"code":"58","display":"Пензенская область"},{"code":"59","display":"Пермский край"},{"code":"60","display":"Псковская область"},{"code":"61","display":"Ростовская область"},{"code":"62","display":"Рязанская область"},{"code":"63","display":"Самарская область"},{"code":"64","display":"Саратовская область"},{"code":"65","display":"Сахалинская область"},{"code":"66","display":"Свердловская область"},{"code":"67","display":"Смоленская область"},{"code":"68","display":"Тамбовская область"},{"code":"69","display":"Тверская область"},{"code":"70","display":"Томская область"},{"code":"71","display":"Тульская область"},{"code":"72","display":"Тюменская область"},{"code":"73","display":"Ульяновская область"},{"code":"74","display":"Челябинская область"},{"code":"75","display":"Забайкальский край"},{"code":"76","display":"Ярославская область"},{"code":"77","display":"г. Москва"},{"code":"78","display":"г. Санкт-Петербург"},{"code":"79","display":"Еврейская автономная область"},{"code":"80","display":"Забайкальский край Агинский Бурятский Округ"},{"code":"81","display":"Коми-Пермяцкий Автономный округ"},{"code":"82","display":"Корякский Автономный округ"},{"code":"83","display":"Ненецкий автономный округ"},{"code":"84","display":"Таймырский (Долгано-Ненецкий) Автономный округ"},{"code":"85","display":"Иркутская обл Усть-Ордынский Бурятский Округ"},{"code":"86","display":"Ханты-Мансийский автономный округ - Югра"},{"code":"87","display":"Чукотский автономный округ"},{"code":"88","display":"Эвенкийский Автономный округ"},{"code":"89","display":"Ямало-Ненецкий автономный округ"},{"code":"91","display":"Республика Крым"},{"code":"92","display":"г. Севастополь"},{"code":"99","display":"г. Байконур"}]}]}}