{"resourceType":"ValueSet","id":"ru-org-id","url":"http://fhir.ru/core/ValueSet/ru-org-id","name":"RuOrgId","title":"ru org id","status":"active","date":"2022-02-14T20:37:39Z","compose":{"include":[{"system":"urn:ru:org-id","concept":[{"code":"https://nsi.rosminzdrav.ru","display":"УИ организации по НЦИ"},{"code":"ru:frmo-id","display":"УИ организации по ФРМО","oid":"1.2.643.5.1.13.13.12.2"},{"code":"ru:org-inn","display":"ИНН юридического лица","oid":"1.2.643.3.131.1.1"},{"code":"ru:ogrn","display":"ОГРН (основной государственный регистрационный номер)","oid":"1.2.643.100.1"}]}]}}