{"resourceType":"ValueSet","id":"ru-org-type","url":"http://fhir.ru/core/ValueSet/ru-org-type","name":"RuOrgType","title":"ru org type","status":"active","date":"2022-02-15T11:43:44Z","compose":{"include":[{"system":"urn:ru:org-type","concept":[{"code":"LO","display":"Лицензируемая организация, то есть новые организации, которые собирают данные для получения лицензии (ещё не МО, ФО и ОО)"},{"code":"MO","display":"Медицинская организация"},{"code":"PO","display":"Фармацевтическая организация"},{"code":"EO","display":"Образовательная организация, они уже сейчас есть в ФРМО"},{"code":"HO","display":"Организатор здравоохранения"},{"code":"IO","display":"Страховая организация"}]}]}}